人物ID,中文姓名,别名/字/号,别名类型码
138801,張孝緒,□,4
139017,劉皆,□,4
139434,霍達,□,4
142526,王氏(王靜女),□,4
142414,賈貞,□□,4
139516,張鬼,□屯,4
138986,劉普曜,□明,4
138788,某孝基,□本,4
139232,某琳,□璋,4
139046,王孝瑜,□節,4
139622,劉盛,□達,4
142632,李三娘,三娘,4
142581,曹欽,三良,4
142693,某海,三良,4
146086,崔仲方,不齊,4
32911,獨孤永業,世基,4
31009,元恪,世宗,0
31772,宇文毓,世宗,0
34006,蕭長懋,世宗,0
12257,蕭巋,世宗,14
31009,元恪,世宗,14
31772,宇文毓,世宗,14
138834,楊德,世師,4
139042,元勇,世武,4
142500,范澄,世淸,4
138796,杜各榮,世瑋,4
138928,呂買,世留,4
21300,陳蒨,世祖,0
31007,拓跋燾,世祖,0
31645,苻堅,世祖,0
33252,蕭繹,世祖,0
34005,蕭賾,世祖,0
21300,陳蒨,世祖,14
30957,楊廣(隋煬帝),世祖,14
31007,拓跋燾,世祖,14
33252,蕭繹,世祖,14
34005,蕭賾,世祖,14
95217,慕容垂,世祖,14
33252,蕭繹,世誠,0
142411,王道仁,世誠,4
33251,蕭綱,世讚,0
33251,蕭綱,世讚,4
142244,趙隆,世貴,4
138749,樂陟,世遷,4
139088,張盛,世隆,4
139669,楊晟,世雄,4
12256,蕭詧(西梁宣帝),中宗,0
139557,李爽,乾祐,4
138771,王護,乾福,4
139349,寵德威,二哥,4
138818,王通,二朗,4
139260,張寶,什藏,4
139290,秦義,仁,4
142263,某德備,仁周,4
139774,康杴,仁德,4
138791,賈仕通,仁徹,4
139584,劉德師,仁楷,4
139023,顏相,仁肅,4
139170,田通,仁舍,4
12257,蕭巋,仁遠,0
139647,李子如,仁靜,4
138949,和姬,仙,4
139130,慕容麗,仙娥,4
139263,李護,令休,4
142656,宋善至,令儀,4
138932,劉初,令始,4
139193,袁客仁,令姿,4
139642,陳恭,令徽,4
138778,潘基,令本,4
139607,王婉,令璣,4
139311,程氏(程嵩朗女),令秀,4
139229,某令賓,令賓,4
139441,劉寶,令金,4
139018,王素,仲儉,4
30923,褚淡之,仲原,4
139103,張相,仲容,4
142235,徐彪,仲斌,4
139718,王文曉,仲暉,4
142758,孔業,仲茂,4
31485,于志寧,仲謐,4
146112,李憲,仲軌,4
92271,孔穎達,仲達,4
139248,斛斯師德,仲銳,4
139197,宋豐,仲饒,4
139588,楊湯,仵朗,4
142705,朱寶,伏寶,4
134679,沈約,休文,4
138798,劉粲,休明,4
139504,張爽,伯和,4
22793,虞世南,伯施,4
138935,潘卿,伯玄,4
18768,薛收,伯褒,4
138925,張鳳憐,伯鸞,4
142571,史某,伯龍,4
138765,長孫家慶,余恩,4
138843,孫佰悅,佰悅,4
142625,劉文,侃,4
138945,張義,依仁,4
142384,楊敏,依仁,4
139749,杜秀,侯英,4
139585,劉朗,保,4
142591,楊某,保救,4
139124,支懷,信,4
139137,徐德,信,4
142646,任君,信,4
142375,王某,信威,4
3685,歐陽詢,信本,4
138953,姚潔,信貞,4
136159,徐勉,修仁,4
142537,杜博乂,候仁,4
32919,獨孤義順,偉悌,0
95371,傅翕,傅大士,3
142545,何剛,僧壽,4
139134,劉某,僧海,19
138716,關道愛,僧護,4
139066,高儼仁,儼仁,4
153614,李孝恭,元,6
3835,陶潛,元亮,4
139307,常開,元儉,4
138995,李智,元哲,4
139032,楊貴,元宗,4
444901,王仁恭,元實,0
33252,蕭繹,元帝,0
139057,崔泰,元平,4
139037,李強,元強,4
139092,王卿,元慶,4
32158,李孝貞,元操,4
17122,慕容德,元明,0
138966,王宏,元景,4
142503,陽昕,元景,4
142603,李釋,元楷,4
142455,高善安,元殖,4
33252,蕭繹,元皇帝,6
22466,李暠,元盛,0
138874,宋榮,元盛,4
21303,陳叔寶,元秀,0
139470,趙某,元粲,4
139461,賈信,元諒,4
444920,獨孤氏(李昺妻),元貞太后,6
138826,何相,元輔,4
142695,李相,元輔,4
139655,朱遠,元通,4
142661,俎威,元閴,4
31780,竇誕,光大,4
139264,某汪,光明,4
93918,釋光智,光智,0
138963,李清,克明,4
142712,張舉,全節,4
142624,孫信,公亮,4
134467,張稷,公喬,4
142602,斛斯政則,公憲,4
142600,李貴,公珍,4
138937,許士端,公直,4
139492,某士端,公直,4
450962,謝靈運,公義,3
138871,辛衡卿,公能,4
138870,霍寬,公裕,4
92271,孔穎達,冲遠,4
139134,劉某,劉,12
134691,劉令嫻,劉三娘,0
92604,劉子翼,劉四,7
138989,王協,勤合,4
142668,陳劼,匡生,4
138730,毛祐,千里,4
30908,司馬丕,千齡,0
31935,蕭德言,博,6
139636,尹達,博通,4
139287,袁相,厲俗,4
31644,苻生,厲王,0
139552,李泰,友仁,4
145766,李君穎,叔叡,4
139176,楊媛,叔姬,4
138926,安諒,叔子,4
138944,單信,叔孫,4
439100,吳均,叔庠,4
13059,李淵(唐高祖),叔德,4
139595,蓋蕃,叔文,9
33013,王珪,叔玠,4
138857,某達,叔通,4
142231,趙路,叔道,4
12254,蕭衍,叔達,0
138875,賈昂,名立,4
139225,祖忠,君信,4
140609,朱信,君信,4
138999,楊逸,君則,4
139439,邢𧦬,君卿,4
142539,某貞,君幹,4
139251,吳辯,君德,4
138729,李彥,君才,4
138882,禹藝,君才,4
139425,皇甫璧,君才,4
139777,張某,君政,4
139056,王瑗達,君明,4
142720,王敬,君欽,4
139079,韓玄,君素,4
142706,苗裕,君綽,4
139021,李信,君諒,4
139479,張仁,君道,4
142557,呂道,君道,4
139256,郭壽,君雅,4
139245,王孫,君順,4
142511,周氏,周,12
142633,楊偘,和,4
142481,孫弄珪,和兒,4
34012,蕭寶融,和帝,0
34012,蕭寶融,和皇帝,6
142506,郭敬善,咳,4
30908,司馬丕,哀帝,0
30908,司馬丕,哀皇帝,6
31121,李虎,唐國公,8
142719,楊上,善,4
139045,張湏摩,善宿,4
138836,尹貞,善幹,4
139733,樂玉,善德,4
139519,王和,善惠,4
26934,姚懿,善意,4
95371,傅翕,善慧,5
95371,傅翕,善慧大士,5
138888,某秀,善才,4
139033,韓懷,善才,4
142733,郭祥,善摩,4
138854,樂善文,善文,4
139068,蕭𫱮媄,善文,4
139489,趙宗,善文,4
138781,段元哲,善明,4
138973,趙安,善相,4
139015,郭嘉,善通,4
139183,安度,善通,4
139247,宋虎,善通,4
139426,王玄,善通,4
139740,某宮,善進,4
142567,宋文矩,善集,4
139545,張願,善願,4
17130,房玄齡,喬松,4
34004,蕭承之,嗣伯,0
93407,張後胤,嗣宗,4
136168,劉顯,嗣芳,4
142590,張臣合,嘉□,4
136105,張嵊,四山,4
142427,張團兒,團兒,4
138722,屈突通,坦豆拔,4
30861,杜淹,執禮,4
139676,侯彪,基,4
142558,鄭善,士元,4
139003,劉攬,士周,4
138807,某賓,士外,4
94339,高儉,士廉,4
139537,靖徹,士明,4
139608,張曉,士明,4
138816,姚暢,士榮,4
30933,褚澐,士洋,4
142613,董滿,士盈,4
134689,劉繪,士章,4
138735,某禕,士華,4
139478,張寬,士裕,4
139218,高德,士進,4
32286,崔謙,士遜,4
139039,王寬,士遠,4
142412,牛秀,壯公,6
146867,某暉(某秀父),壯公,6
139676,侯彪,多君子,5
139006,何盛,多子,4
138833,釋大某雲,大□雲,0
139077,孟秤,大娘,4
138846,段師,大師,4
142237,彭師德,大師,4
444852,梁師都,大度毗伽可汗,11
139564,李氏(李某(李氏夫)妻),大政,4
142255,釋智某,大智□,19
138812,釋某(大智焱),大智焱,19
138802,釋某(大智逈),大智逈,19
139597,某碩,大範,4
145916,崔忠,大義,4
94815,溫彥博,大臨,4
31121,李虎,大野虎,11
94810,溫彥弘,大雅,4
139428,孟師,大雅,4
30910,司馬昱,太宗,0
31006,拓跋嗣,太宗,0
33251,蕭綱,太宗,0
13060,李世民(唐太宗),太宗,14
30910,司馬昱,太宗,14
31006,拓跋嗣,太宗,14
33251,蕭綱,太宗,14
139818,王岐,太嶷,4
139381,張雄,太歡,4
13059,李淵(唐高祖),太武,6
31007,拓跋燾,太武帝,0
31007,拓跋燾,太武皇帝,6
12253,蕭道成,太祖,0
12253,蕭道成,太祖,14
31005,拓跋珪,太祖,14
31121,李虎,太祖,14
135646,竇氏(太穆皇后),太穆順聖皇后,15
92899,李百藥,奇童,0
21301,陳伯宗,奉業,0
142216,趙意,如意,4
139252,張獎,如相,4
138943,李敬,如願,4
138959,申好,姜,4
139084,趙肅,威,4
142264,劉氏,娘子,4
142226,張娥子,娥子,4
139459,杜醜,婆,4
138990,顏人,婆仁,4
142307,劉媚,婉,4
138930,某藥,子,4
138823,明雅,子儒,4
139255,房寶子,子寶,4
31535,盧赤松,子房,4
138869,某昉,子昇,4
138985,張洛,子春,4
32752,陳叔明,子昭,4
146217,盧承基,子構,4
138784,楊士漢,子泉,4
138750,賈通,子照,4
138718,劉粲,子粲,4
93608,陳叔達,子聰,4
21300,陳蒨,子華,0
138719,程锺,子通,4
138939,某才,孝,4
94810,溫彥弘,孝,6
34009,蕭道生,孝伯,0
17129,房彥謙,孝冲,4
139490,來僧,孝則,4
139027,苻肅,孝威,4
139074,趙通,孝孫,4
139448,楊康,孝安,4
30907,司馬耽,孝宗,0
30907,司馬耽,孝宗,14
139147,王公,孝寬,4
142441,索仁,孝德,4
138744,某謩,孝忠,4
120212,蕭文壽,孝懿,6
139741,朱憲,孝成,4
138832,左法,孝才,4
139677,王則,孝才,4
28919,元宏延,孝文皇帝,6
142522,趙順,孝昌,4
138860,趙昭,孝明,4
142439,高冏,孝明,4
31010,元翊,孝明皇帝,6
30911,司馬曜,孝武帝,0
30911,司馬曜,孝武皇帝,6
31012,元修,孝武皇帝,6
134690,劉冉,孝綽,4
31011,元子攸,孝莊皇帝,6
139081,車詵,孝詵,4
138728,胡質,孝質,4
138782,張騷,孝質,4
31771,宇文覺,孝閔皇帝,6
12258,蕭琮,孝靖皇帝,6
31013,元善見,孝靜皇帝,6
139432,喪弘毅,季嚴,4
138853,孔長寧,季大,4
138842,傅叔,季成,4
142742,崔拏,季玉,4
94348,高馮,季輔,4
146488,某景(某謩父),宇文,11
146063,蕭汾,守德,4
138873,任道,守義,4
139600,呂道,安,4
30961,豆盧通,安,6
138774,長孫仁,安世,4
138744,某謩,安公,6
139637,封泰,安壽,4
30912,司馬德,安帝,0
139456,史信,安期,4
139344,高夔,安本,4
30912,司馬德,安皇帝,6
142541,宋懷仁,宋氏,18
135183,弘夜珠,宏夜姝,3
139073,張弘秀,宏才,4
134674,顧琛,宏緯,4
139630,康武通,宏達,4
139159,楊士,宗,4
31485,于志寧,定,6
444800,劉武周,定楊可汗,3
139139,王法,客僧,4
93988,趙弘智,宣,6
12256,蕭詧(西梁宣帝),宣帝,0
21302,陳頊,宣帝,0
34004,蕭承之,宣帝,0
134894,劉臻,宣摯,4
138879,楊昭,宣政,4
31009,元恪,宣武帝,0
31009,元恪,宣武皇帝,6
21302,陳頊,宣皇帝,6
17121,慕容雋,宣英,0
138754,解深,宣達,4
34005,蕭賾,宣遠,0
146092,韋孝忠,寡悔,4
139158,成朗,寬,4
147921,李弘,寬,4
142580,張珪,寶仁,4
139091,程騭,寶柱,4
138964,鄭金,寶瓊,4
139533,張朗,寶貴,4
139235,王敏,寶達,4
142623,左才,寶閣,4
138829,劉德,小奴,4
92604,劉子翼,小心,4
138805,李仲賓,少卿,4
138783,秦詳兒,尼子,4
142464,楊操,履貞,4
138720,楊敏,屬師,4
439191,陶弘景,山中宰相,5
142721,郭海,山師,4
139544,李文,岸高,4
138713,麹舉,峻之,4
134838,褚蒜子(司馬岳妻),崇德,15
139040,沈士公,崇正,4
138839,楊士達,崇福,4
138755,張岳,崑崙,4
30936,褚亮,希明,4
439086,丘遲,希範,4
139299,魏郎仁,希義,4
142493,王行,希行,4
139595,蓋蕃,希陳,4
30909,司馬奕,帝奕,0
139575,上官義,師,4
142233,耿士隆,師,4
32430,顏師古,師古,4
138891,董柱,師德,4
139241,奇長,師政,4
139203,趙軌,師立,4
138811,某信,師言,4
142243,徐謩,師謩,4
142732,王林,常主,4
138965,皇甫德相,干祿,4
93938,郎穎,平,6
136120,謝玄,幼度,4
31260,慕容暐,幽帝,0
30936,褚亮,康,6
92899,李百藥,康,6
93407,張後胤,康,6
134838,褚蒜子(司馬岳妻),康獻,6
142474,庾氏,庾氏,12
21301,陳伯宗,廢帝,0
139705,周廣,廣欽,4
142734,董師(董欽子),廣猷,4
32967,令狐整,延保,4
92738,許叔牙,延基,4
18636,許敬宗,延族,4
146111,李蕤,延賓,4
146120,李弼,延軌,4
30909,司馬奕,延齡,0
142423,趙寵,廷貴,4
139409,鄧威,建,4
139571,曹德,建德,4
31642,苻健,建業,0
139208,解摩,弘妃,4
140413,孫安,弘安,4
139196,樊寬,弘度,4
138974,顏瓌,弘憲,4
139294,王仁,弘瞻,4
138803,劉政,弘矩,4
139429,梁秀,弘粲,4
139172,張義,弘義,4
138815,霍恭,弘肅,4
138886,張舒,弘裕,4
139096,張伽,弘訓,4
139095,張才,弘述,4
93613,陳政,弘道,4
139265,王孝義,弘道,4
138780,張某,張氏,12
450734,張氏(李淵妻),張美人,3
138936,王順孫,彥升,4
439218,劉勰,彥和,4
138752,某遠,彥深,4
138927,張寶,彥珍,4
142652,范褒,彥褒,4
142382,崔震,彥起,4
142584,張師,彥道,4
30907,司馬耽,彭祖,0
21303,陳叔寶,後主,0
31117,李歆,後主,0
138710,某長先,後巳,4
24408,李勣,徐世勣,18
139121,李氏(李康女),徐氏,18
142351,李某,徒何氏,18
142879,萬願,從善,4
139521,張善,德,4
138956,馬忠,德信,4
142587,崔穆,德元,4
138862,張行滿,德充,4
138806,姚孝寬,德博,4
30912,司馬德,德宗,0
138884,李良,德師,4
142579,焦達,德成,4
138738,劉節,德操,4
146121,薛元嘏,德操,4
12255,蕭統,德施,4
32807,陸元明,德明,0
138948,楊藝,德明,4
139535,張彥,德明,4
138786,孟保同,德會,4
139041,房基,德本,4
142468,支隆,德林,4
138934,支茂,德榮,4
145957,蕭沈,德泉,4
138726,譚伍,德深,4
139179,董明,德淹,4
139401,封溫,德瑗,4
139423,宋璋,德璉,4
138747,張伯,德秋,4
139052,趙勣,德素,4
139518,王纂,德纂,4
139446,杜令姿,德耀,4
93808,鄭元璹,德芳,4
139228,賈某,德茂,4
139298,田君彥,德茂,4
142785,衛規,德規,4
12175,劉裕,德輿,0
142387,劉文,德逸,4
142268,王凝華,德門,5
139065,徐君通,徹,4
138979,段會,志合,4
139012,段會,志合,4
142572,某朗,志明,4
138975,揚清,志靜,4
31905,裴仁基,忠,6
93608,陳叔達,忠,6
147250,崔仲哲,忠,6
444874,馬三寶,忠,6
138713,麹舉,忠公,6
138722,屈突通,忠公,6
139166,尉遲恭,忠武公,6
139120,姚某,忠節,4
146488,某景(某謩父),忠莊公,6
31780,竇誕,忠貞,5
136105,張嵊,忠貞子,6
139060,王惠,思,4
138775,張舉,思奮,4
94165,姚簡,思廉,4
139270,張伯通,思廉,4
138810,某懷文,思武,4
139651,畢粹,思溫,4
138845,某相,思祖,4
139089,樂文義,思禮,4
142416,宋舉,思進,4
142440,龍潤,恆伽,4
142554,張哲,恭,4
18636,許敬宗,恭,6
94815,溫彥博,恭,6
152423,薛景山,恭,6
142246,楊溫,恭仁,4
94815,溫彥博,恭公,6
142602,斛斯政則,恭公,6
30913,司馬德文,恭帝,0
30913,司馬德文,恭皇帝,6
139190,王進,悉達,4
139652,慕容三藏,悟真,4
138969,劉意,悟靈,4
138770,徐純,惇業,4
31262,慕容寶,惠愍帝,0
31641,苻洪,惠武帝,0
142217,高氏(高世達女),惠通,4
142227,囗諒,慈信,4
142487,劉寬,慈裕,4
142274,樂某,慧□,0
95159,釋慧偘,慧偘,0
439218,劉勰,慧地,19
94984,釋慧淨,慧淨,0
94984,釋慧淨,慧淨,19
94991,釋慧賾,慧賾,0
138790,某裴,慧靜,19
94991,釋慧賾,慧頤,0
142551,梁延懷,憗道,4
31628,岑文本,憲,6
32966,令狐德棻,憲,6
92271,孔穎達,憲,6
94348,高馮,憲,6
24408,李勣,懋功,4
139105,王立,懋範,4
142530,龍義,懷亮,4
162552,王湛,懷元,4
138950,楊仁方,懷則,4
95124,王訓,懷範,4
142555,柳鼓,懷舜,4
138863,丘蘊,懷藝,4
145923,崔昂,懷遠,4
31175,楊師道,懿,6
33013,王珪,懿,6
138714,舒懿匡伯,懿公,6
142699,麴連,成,4
95217,慕容垂,成武皇帝,6
32430,顏師古,戴,6
139035,金魏,才仁,4
142435,馬敏,才子,4
142692,馮瓊,才幹,4
139520,張仁,才立,4
142424,孔弘,承信,4
339336,陳深,承源,4
138971,王則,抃杖,4
138847,王才,挺俊,4
139168,王摩,摩,4
139097,房高,操,4
138961,吳孝,政,4
139555,孫君,政,4
139962,蕭遇,政,4
138951,某基,政本,4
18768,薛收,敏,6
31011,元子攸,敬宗,0
31011,元子攸,敬宗,14
138723,胡永,敬延,4
139166,尉遲恭,敬德,4
134693,徐悱,敬業,4
139151,宋義,文,4
138856,向英,文傑,4
138851,元質,文剛,4
139233,某詮,文升,4
139711,王式,文卿,4
138878,關英,文哲,4
138957,趙才,文器,4
21300,陳蒨,文帝,0
28919,元宏延,文帝,0
30956,楊堅,文帝,0
31014,元寶矩,文帝,0
34006,蕭長懋,文帝,0
34006,蕭長懋,文惠太子,0
156879,李希騫,文憲公,6
444821,蕭璿,文憲王,6
22793,虞世南,文懿,6
31008,拓跋濬,文成帝,0
31008,拓跋濬,文成皇帝,6
142236,張秀,文才,4
142480,段文政,文政,4
146061,路詮,文昇,4
95148,徐之才,文明,6
338237,馮氏(拓跋濬妻),文明,6
138751,張明,文朗,4
13060,李世民(唐太宗),文武大聖大廣孝皇帝,6
139738,張曄,文殊,4
94339,高儉,文獻,6
139086,程雄,文琮,4
21300,陳蒨,文皇帝,6
30956,楊堅,文皇帝,6
31014,元寶矩,文皇帝,6
142269,劉相,文範,4
139473,王宣,文義,4
31935,蕭德言,文行,4
95096,魏徴,文貞,6
139259,張興,文起,4
139632,王逸,文超,4
139484,楊達,文達,4
138745,張濬,文遠,4
139188,張振,文遠,4
139442,李遠,文遠,4
138921,祁讓,文雅,4
142621,王韋,文霸,4
139431,羅端,文靜,4
31647,苻登,文高,0
22057,王勣,斗酒學士,0
30911,司馬曜,昌明,0
139967,齊朗,明,4
31006,拓跋嗣,明元帝,0
31006,拓跋嗣,明元皇帝,6
18633,許懋,明哲,4
139117,張伽,明哲,4
31010,元翊,明帝,0
31772,宇文毓,明帝,0
34010,蕭鸞,明帝,0
93918,釋光智,明智識,0
142271,釋明歆,明歆,0
142392,釋明歆,明歆,0
31642,苻健,明皇,0
12257,蕭巋,明皇帝,6
30957,楊廣(隋煬帝),明皇帝,6
31772,宇文毓,明皇帝,6
34010,蕭鸞,明皇帝,6
139028,成遠,明達,4
139477,馮貞,明達,4
142474,庾氏,明遠,0
120217,鮑昭,明遠,4
138998,甘朗,明遠,4
439039,鮑照,明遠,4
139436,王君,昭仁,4
142514,何光,昭德,4
12255,蕭統,昭明,6
12255,蕭統,昭明皇帝,6
31263,慕容盛,昭武帝,0
12259,蕭瑀,時文,4
139174,某某,景,4
149195,柳慶,景,6
31628,岑文本,景仁,4
34009,蕭道生,景帝,0
148655,慕容紹宗,景惠公,6
30930,褚向,景政,4
17121,慕容雋,景昭帝,0
34010,蕭鸞,景栖,0
34010,蕭鸞,景栖,4
31312,李靖,景武,6
139666,曹澄,景澈,4
31175,楊師道,景猷,4
146168,李希宗,景玄,4
31121,李虎,景皇帝,15
139421,某仁,景真,4
145761,李希禮,景節,4
31260,慕容暐,景茂,0
139811,孫義普,智周,4
139163,李某,智方,4
34012,蕭寶融,智昭,0
138922,樂達,智纂,4
34011,蕭寶卷,智藏,0
139589,樂達,智通,4
139202,苗明,暉粲,4
139354,李善智,有思,4
17868,唐臨,本德,4
145764,李祖牧,李祖悛,3
31312,李靖,李藥師,3
31312,李靖,李衛公,0
34011,蕭寶卷,東昏侯,0
34011,蕭寶卷,東昏煬侯,6
22057,王勣,東皐子,0
142521,張楚賢,東箭,4
95371,傅翕,東陽大士,5
139087,王師感,桃湯,4
142384,楊敏,桃湯,4
139618,王智,梵行,4
139101,段秀,森,4
93938,郎穎,楚之,4
142274,樂某,樂氏,12
142240,宋行,欽仁,4
142566,溫濬,正深,4
153784,李純,正義,4
444796,薛舉,武,6
139122,張士貴,武安,4
12175,劉裕,武帝,0
12254,蕭衍,武帝,0
12828,陳霸先,武帝,0
31012,元修,武帝,0
31773,宇文邕(北周武帝),武帝,0
34005,蕭賾,武帝,0
22466,李暠,武昭王,0
12175,劉裕,武皇帝,6
12254,蕭衍,武皇帝,6
12828,陳霸先,武皇帝,6
31773,宇文邕(北周武帝),武皇帝,6
34005,蕭賾,武皇帝,6
31646,苻丕,永叔,0
31645,苻堅,永固,0
138731,李徹,永富,4
142677,趙欣,永樂,4
138859,張育,永珍,4
92271,孔穎達,沖澹,4
92271,孔穎達,沖遠,4
30886,李密,法主,4
138938,支彥,法柱,4
139767,蕭氏(蕭瑀女),法樂,19
138931,釋法珍,法珍,19
93907,釋法琳,法琳,0
142511,周氏,法矩,19
139291,周師,法祖,4
95121,釋灌頂,法雲,4
93918,釋光智,波羅頗迦羅蜜多羅,0
93918,釋光智,波頗,0
142473,封深,泰澄,4
139150,暴賢,洪相,4
138746,張濬,洪遠,4
138766,王安,海寧,4
142653,馬惲,海通,4
34008,蕭昭文,海陵恭王,6
34008,蕭昭文,海陵王,0
94425,釋海順,海順,0
139024,某隴,淑德,4
138808,馬志道,淳一,4
3835,陶潛,淵明,4
139656,某廉,淸,4
142383,馬叡,溫,4
95124,王訓,溫子,6
12258,蕭琮,溫文,0
138972,鄭滿,滿才,4
134894,劉臻,漢聖,5
142575,聿珪,澤,4
95121,釋灌頂,灌頂,0
30911,司馬曜,烈宗,0
30911,司馬曜,烈宗,14
17121,慕容雋,烈祖,0
22057,王勣,無功,4
69869,謝奕,無奕,4
142308,柳行滿,無溢,4
139552,李泰,無雙,5
30957,楊廣(隋煬帝),煬帝,0
139605,段瑋,父欽,4
18768,薛收,獻,6
31905,裴仁基,獻,6
28918,拓跋弘,獻文帝,0
28918,拓跋弘,獻文皇帝,6
136120,謝玄,獻武,6
17122,慕容德,獻武帝,0
139226,許緒,玄嗣,4
142488,李政,玄安,4
139639,嚴朗,玄宗,4
138946,蕭勝,玄寂,4
139020,王才,玄德,4
139187,孟普,玄德,4
139511,張海,玄德,4
95096,魏徴,玄成,4
138880,薛朗,玄明,4
139242,王朗,玄明,4
140385,孟晟,玄晟,4
142597,孟樞,玄機,4
138983,閻志雄,玄毅,4
138767,蔣喜,玄符,4
142239,蔣合,玄符,4
142499,李棨,玄節,4
139129,高達,玄通,4
30886,李密,玄邃,4
142510,龍澄,玄靖,4
95371,傅翕,玄風,4
142456,田玉,玉,4
138768,王氏(王仁則女),玉兒,4
138996,邢仙姬,玉女,4
138799,楊玉姿,玉姿,4
22057,王勣,王勣,3
25793,王羲之,王右軍,5
22057,王勣,王績,3
142659,張琮,珍,4
139031,張琛,珍定,4
12256,蕭詧(西梁宣帝),理孫,0
145913,李義璋,琬,4
138779,蕭瑤,瑤,4
139670,王儉,甑生,4
142449,某玉,留寶,4
139726,王留生,留生,4
142448,夏侯絢,異人,5
30938,褚遂良,登善,4
138724,郭通,監遠,4
139515,王端,直,4
139547,王贊,相,4
139310,樊秀,相才,4
142731,呂眾,眾,4
138929,毛文通,知運,4
94145,祖君彥,祖宿城,0
142250,王靈仙,神像,4
13059,李淵(唐高祖),神堯大聖大光孝皇帝,6
139417,王才,神瓌,4
138947,孫遷,神童,5
138740,李壽,神通,4
139693,孟運,穆□,4
30907,司馬耽,穆帝,0
30907,司馬耽,穆皇帝,6
142605,孫建,立德,4
139276,張禮,章,4
95121,釋灌頂,章安大師,0
95121,釋灌頂,章安尊者,0
139443,趙端,端政,4
147421,李蓋,節公,6
139266,吳志,範志,4
93808,鄭元璹,簡,6
142308,柳行滿,簡,6
149196,柳機,簡,6
94165,姚簡,簡之,4
30910,司馬昱,簡文帝,0
33251,蕭綱,簡文帝,0
30910,司馬昱,簡文皇帝,6
33251,蕭綱,簡文皇帝,6
32430,顏師古,籀,4
172373,封興之,紫芝,4
21302,陳頊,紹世,0
12253,蕭道成,紹伯,0
138758,李繼叔,紹嗣,4
139258,徐綜,綜,4
12255,蕭統,維摩,9
139415,李文,緯,4
139121,李氏(李康女),總持,4
18636,許敬宗,繆,6
93608,陳叔達,繆,6
139503,董葵,義,4
142229,李立言,義方,4
139029,席泰,義泉,4
139430,段賾,義玄,4
142425,韓素,義貞,4
142562,程知節,義貞,4
138920,金行舉,義起,4
139306,蘭達,義通,4
138881,張雲,義雲,4
139695,蔡君長,義首,4
138850,某舉,義高,4
3835,陶潛,羲皇上人,5
145764,李祖牧,翁伯,4
142214,某某,耶書,4
139785,李聞禮,聞禮,4
31010,元翊,肅宗,0
31010,元翊,肅宗,14
142388,燕明,肆朗,4
138715,王仲,胡周,4
120213,劉英媛,臨川長公主,8
21301,陳伯宗,臨海王,0
138760,某孝敏,至德,4
12828,陳霸先,興國,0
139116,張貞,茂,4
142459,唐儉,茂約,4
142521,張楚賢,莊,6
31011,元子攸,莊帝,0
439191,陶弘景,華陽真人,5
439191,陶弘景,華陽真逸,5
439191,陶弘景,華陽隱居,5
139805,張懿,萬壽,4
142647,成庫,萬壽,4
139156,霍萬,萬敵,4
139250,靖徹,萬通,4
139767,蕭氏(蕭瑀女),蕭氏,12
146073,蕭玄撤,蕭玄徹,3
120212,蕭文壽,蕭皇后,15
18768,薛收,薛莊周,0
146073,蕭玄撤,虔明,4
142713,格處仁,處仁,4
138841,某忠,處信,4
139125,安靜,處冲,4
139155,薛忠,處惇,4
22793,虞世南,虞七,7
142477,姚才,行,4
139239,王寬,行倫,4
138809,王仁則,行規,4
139562,范彥,裦,4
13751,張公謹,襄,6
30861,杜淹,襄,6
31121,李虎,襄,6
139122,張士貴,襄公,6
142459,唐儉,襄公,6
142562,程知節,襄公,6
444913,宇文氏(竇毅妻),襄阳长公主,3
444796,薛舉,西秦霸王,3
444852,梁師都,解事天子,11
138756,邢弁,言,4
139411,李辯,言,4
139308,王楷,詮芝,4
139549,李政,譯,4
139592,庫狄通,豐仁,4
24408,李勣,貞武公,6
139102,吳素,貞白,4
439191,陶弘景,貞白先生,6
12259,蕭瑀,貞褊,6
139338,崔某,貴仁,4
138994,安延,貴薛,4
139391,邢郭,買,4
139413,呂德,買,4
138712,元買得,買得,4
139118,韓政,賓王,4
139673,董仁,賢德,4
139671,張傑,超倫,4
139702,某元,趙買,4
139698,賈整,軌,4
138866,毛盛,轉興,4
95083,釋辨才,辨才,0
95083,釋辨才,辨才,19
95085,釋辨機,辨機,0
138942,郝榮,通,4
139128,王段,通,4
139169,支懷,通,4
139603,樂玄,通才,4
439191,陶弘景,通明,4
142722,周寶,造,4
142505,高文,進,4
142601,郭益,進,4
139527,許國,進國,4
138773,羅副,進成,4
138865,張通,進達,4
139180,范信,進達,4
142412,牛秀,進達,4
25793,王羲之,逸少,4
138827,某綱,逸民,5
181499,武士彠,遍覧,4
138852,萬德,道仁,4
138837,李護,道周,4
138838,魏文德,道宗,4
94799,釋道宣,道宣,0
95217,慕容垂,道明,4
94794,釋道會,道會,0
31005,拓跋珪,道武帝,0
31005,拓跋珪,道武皇帝,6
138762,孫隆,道泰,4
31262,慕容寶,道祐,0
139059,韓遷,道約,4
30910,司馬昱,道萬,0
146041,裴璣,道衡,4
145948,崔幹,道貞,4
31263,慕容盛,道運,0
138940,釋道雲,道雲,19
139034,韓通,達,4
138779,蕭瑤,達文,4
138717,崔志,遠,4
139629,張祖,遠,4
142273,薛賾,遠卿,4
145768,李敬族,遠欽,4
138827,某綱,遵詳,4
142232,孟公行,遵道,4
138941,仇道,那,4
30956,楊堅,那羅延,0
139491,支郎子,郎子,4
35370,楊侑,酅國公,0
92899,李百藥,重規,4
139039,王寬,量衡,5
139282,韓文,金,4
142728,劉珍,金寶,4
142434,王淨,金素,4
138739,郭雲,鍾翔,4
138817,某鍾葵,鍾葵,4
139016,華歆,鍾葵,4
139425,皇甫璧,長仁,4
138980,劉建,長卿,4
21303,陳叔寶,長城煬公,6
138743,胡儼,長威,4
139014,韓邏,長安,4
139199,劉延壽,長年,4
139505,楊元,長才,4
31644,苻生,長生,0
139064,徐漢,長粲,4
139480,董師,長者,4
139513,董榮,長華,4
142351,李某,長雄,4
138976,魏德,開仁,4
31771,宇文覺,閔帝,0
142275,李思摩,阿史那氏,18
134690,劉冉,阿士,10
30957,楊廣(隋煬帝),阿摩,0
138952,唐阿深,阿深,4
139047,張才,陁,4
142676,元令仲,陁利,4
138848,李桀,陵漢,4
3835,陶潛,陶令,5
139405,李英,雄,4
95371,傅翕,雙林大士,5
138840,餘當,難當,4
34006,蕭長懋,雲喬,0
139717,楊神威,靈均,4
138725,周某,靈琛,19
450962,謝靈運,靈運,4
32202,李神通,靖,6
146561,長孫熾,靖公,6
138740,李壽,靖王,6
3835,陶潛,靖節,6
31013,元善見,靜帝,0
138831,釋靜感,靜感,0
138793,梁凝達,靜通,4
134836,謝道韞,韜元,0
142478,張言+歲,響彥,4
18633,許懋,順哲,4
146042,裴休義,須拔,4
139249,竹妙,須摩,4
32430,顏師古,顏師古,3
32430,顏師古,顏籀,3
139160,成願壽,願壽,4
139009,張皎,願德,4
139209,任德,願德,4
139402,仵某,願德,4
28918,拓跋弘,顯祖,0
28918,拓跋弘,顯祖,14
32771,陸騰,顯聖,4
21302,陳頊,高宗,0
31008,拓跋濬,高宗,0
34010,蕭鸞,高宗,0
12255,蕭統,高宗,14
21302,陳頊,高宗,14
31008,拓跋濬,高宗,14
34010,蕭鸞,高宗,14
12253,蕭道成,高帝,0
31647,苻登,高帝,0
12253,蕭道成,高皇帝,6
12828,陳霸先,高祖,0
28919,元宏延,高祖,0
30956,楊堅,高祖,0
31642,苻健,高祖,0
31773,宇文邕(北周武帝),高祖,0
12175,劉裕,高祖,14
12254,蕭衍,高祖,14
12828,陳霸先,高祖,14
13059,李淵(唐高祖),高祖,14
28919,元宏延,高祖,14
30956,楊堅,高祖,14
31773,宇文邕(北周武帝),高祖,14
34007,蕭昭業,鬱林王,0
95096,魏徴,魏鄭公,0
120217,鮑昭,鮑照,3
12175,劉裕,齊奴,0
162085,龍求真,龍真,3
