人物ID,姓名,关联人ID,关联人姓名,关系类型码,起始年,结束年,地点ID,备注
439218,劉勰,12255,蕭統,9,-1,,,
439100,吳均,178096,柳惲,9,-1,,,
444823,輔公祏,380632,杜伏威,9,-1,,0,
3835,陶潛,433250,顏延之,9,-1,,,
30861,杜淹,439165,袁天綱,9,-1,,,
33013,王珪,439165,袁天綱,9,-1,,,
12255,蕭統,439218,劉勰,9,-1,,,
444865,竇建德,444808,劉黑闥,9,-1,,15235,
444860,單雄信,444864,翟讓,9,-1,,0,"單雄信者，曹州人也。翟讓與之友善。
［後晉］劉昫 等 撰；中華書局編輯部 點校：《舊唐書·卷五十三　列傳第三　李密》，中華書局，1975年5月，第1版，第2224頁"
444808,劉黑闥,444865,竇建德,9,-1,,0,
3835,陶潛,511704,羊松齡,9,-1,,,
13060,李世民(唐太宗),30886,李密,17,-1,,0,
30886,李密,13060,李世民(唐太宗),18,-1,,0,
15610,魏徵,11965,王通,22,-1,,,
18768,薛收,11965,王通,22,-1,,,
31312,李靖,11965,王通,22,-1,,,
439191,陶弘景,511195,孫遊嶽,22,-1,,,
11965,王通,15610,魏徵,23,-1,,,
11965,王通,18768,薛收,23,-1,,,
11965,王通,31312,李靖,23,-1,,,
11965,王通,511336,房喬,23,-1,,,
444808,劉黑闥,379198,徐圓朗,26,-1,,0,
444796,薛舉,444917,阿史那咄苾(頡利可汗),26,-1,,0,
444917,阿史那咄苾(頡利可汗),444796,薛舉,27,-1,,0,
12367,楊儉,3632,陸九淵,32,550,,0,
30886,李密,15610,魏徵,43,618,,0,
139166,尉遲恭,18636,許敬宗,43,645,,0,
31111,楊德裔,31110,楊炯,43,659,,0,
31422,元仁惠,31407,張說,43,656,,0,
26934,姚懿,32189,胡皓,43,649,,0,
15610,魏徵,30886,李密,44,639,,0,
18636,許敬宗,139166,尉遲恭,44,645,,0,
187923,李建成,13060,李世民(唐太宗),59,-1,,0,
13060,李世民(唐太宗),31176,李元吉,60,-1,,0,
13060,李世民(唐太宗),187923,李建成,60,-1,,0,
18636,許敬宗,179615,趙仁本,61,-1,,0,
15610,魏徵,13059,李淵(唐高祖),64,639,,0,
13060,李世民(唐太宗),512536,雲定興,64,-1,,0,
13059,李淵(唐高祖),15366,程富,65,626,,0,
13059,李淵(唐高祖),15610,魏徵,65,626,,0,
444796,薛舉,444998,常仲興,65,617,,0,
444808,劉黑闥,445000,范願,65,-1,,0,
444865,竇建德,445000,范願,65,-1,,0,
136120,謝玄,136117,張玄之,95,387,,0,與謝玄被時人稱為南北二玄。
136120,謝玄,136120,謝玄,95,387,,0,《晋書》載，時吳興太守、晉寧侯張玄之，亦以才學顯，自吏部尚書與玄同年之郡，而玄之名亞於玄，時人稱為南北二玄，論者美之。
444796,薛舉,444882,郝瑗,119,617,,0,
444865,竇建德,444984,宋正本,119,-1,,0,
31968,韋仁基,128180,吳邦楨,133,0,,0,
31968,韋仁基,122655,張元抃,162,0,,0,
381857,張善安,13059,李淵(唐高祖),180,624,,0,
444795,薛仁杲,13059,李淵(唐高祖),180,618,,14493,
444814,蕭銑,13059,李淵(唐高祖),180,621,,0,
444833,李子通,13059,李淵(唐高祖),180,623,,0,
444865,竇建德,13059,李淵(唐高祖),180,621,,14493,
444808,劉黑闥,187923,李建成,180,-1,,15151,
13059,李淵(唐高祖),381857,張善安,181,624,,0,
13059,李淵(唐高祖),444795,薛仁杲,181,618,,14493,
187923,李建成,444808,劉黑闥,181,-1,,15151,
13059,李淵(唐高祖),444814,蕭銑,181,621,,0,
13059,李淵(唐高祖),444833,李子通,181,623,,0,
13059,李淵(唐高祖),444865,竇建德,181,621,,14493,
444865,竇建德,444984,宋正本,181,620,,0,
13060,李世民(唐太宗),512557,李祐,181,-1,,0,
13060,李世民(唐太宗),512558,盧祖尚,181,-1,,0,
13060,李世民(唐太宗),512598,辯機,181,-1,,0,
31874,裴順宗,12253,蕭道成,197,463,,0,
31875,裴叔寶,12253,蕭道成,197,493,,0,
31645,苻堅,13617,權翼,197,384,,0,
17122,慕容德,17123,房諶,197,405,,0,
31362,石虎,31517,崔悅,197,363,,0,
31260,慕容暐,31518,崔潛,197,385,,0,
12253,蕭道成,31874,裴順宗,197,482,,0,
12253,蕭道成,31875,裴叔寶,197,482,,0,
444865,竇建德,173126,宇文化及,204,619,,400467,
13059,李淵(唐高祖),444795,薛仁杲,204,618,,14493,
13060,李世民(唐太宗),444836,朱粲,204,621,,0,
13060,李世民(唐太宗),444860,單雄信,204,621,,0,
13060,李世民(唐太宗),444865,竇建德,204,-1,,0,
444795,薛仁杲,13059,李淵(唐高祖),205,618,,14493,
444860,單雄信,13060,李世民(唐太宗),205,621,,0,
444865,竇建德,13060,李世民(唐太宗),205,-1,,0,
173126,宇文化及,444865,竇建德,205,619,,0,
444823,輔公祏,444936,李孝恭,205,-1,,0,
187923,李建成,13060,李世民(唐太宗),210,-1,,0,
12199,歐陽通,93663,武曌(武則天),210,691,,0,"《舊唐書·則天皇后紀》：
（天授二年十月）殺文昌左相岑長倩、納言歐陽通、地官尙書格輔元。"
187231,李孝基,444800,劉武周,210,619,,0,
444901,王仁恭,444800,劉武周,210,617,,15113,
444800,劉武周,444917,阿史那咄苾(頡利可汗),210,620,,0,
444852,梁師都,444941,梁洛仁,210,628,,0,
13060,李世民(唐太宗),31176,李元吉,211,-1,,0,
444800,劉武周,187231,李孝基,211,619,,0,
13060,李世民(唐太宗),187923,李建成,211,-1,,0,
444823,輔公祏,381504,王雄誕,211,-1,,0,
444917,阿史那咄苾(頡利可汗),444800,劉武周,211,620,,0,
444800,劉武周,444901,王仁恭,211,617,,15113,
444795,薛仁杲,444993,庾立,211,-1,,0,
25793,王羲之,134865,衛鑠,231,-1,,0,
444796,薛舉,13060,李世民(唐太宗),343,618,,3876,
444808,劉黑闥,24408,李勣,343,621,,0,
444800,劉武周,31917,裴寂,343,-1,,0,
444808,劉黑闥,32202,李神通,343,621,,0,
13060,李世民(唐太宗),32871,段達,343,-1,,0,
444808,劉黑闥,148810,王行敏,343,-1,,0,
444865,竇建德,173126,宇文化及,343,619,,15221,
444800,劉武周,376089,李仲文,343,-1,,0,
13060,李世民(唐太宗),379198,徐圓朗,343,-1,,0,
444808,劉黑闥,379464,羅士信,343,622,,15151,士信死之
444808,劉黑闥,379856,秦武通,343,-1,,0,
444808,劉黑闥,379885,權威,343,621,,15244,
444808,劉黑闥,380008,戴元祥,343,621,,15244,
13060,李世民(唐太宗),444795,薛仁杲,343,618,,0,十一月己酉，以京師穀貴，令四面入關者，車馬牛驢各給課米，充其自食。秦王大破薛仁杲於淺水原，降之，隴右平。乙巳，涼王李軌僭稱天子於涼州。詔頒五十三條格，以約法緩刑。
13060,李世民(唐太宗),444808,劉黑闥,343,622,,0,
187923,李建成,444808,劉黑闥,343,622,,400775,
31312,李靖,444823,輔公祏,343,-1,,0,
444823,輔公祏,444828,沈法興,343,-1,,0,
444833,李子通,444828,沈法興,343,-1,,0,
444823,輔公祏,444833,李子通,343,-1,,0,
381857,張善安,444847,林士弘,343,617,,15891,
13060,李世民(唐太宗),444865,竇建德,343,621,,14718,
444796,薛舉,444878,皇甫綰,343,617,,12165,
444800,劉武周,444902,王智辯,343,617,,0,智辯死之
13060,李世民(唐太宗),444905,宋金剛,343,-1,,0,
13060,李世民(唐太宗),444917,阿史那咄苾(頡利可汗),343,-1,,0,
13060,李世民(唐太宗),512535,宋老生,343,-1,,404545,
13060,李世民(唐太宗),512545,羅㬋,343,-1,,0,
13060,李世民(唐太宗),512549,尋相,343,-1,,0,
444795,薛仁杲,13060,李世民(唐太宗),344,618,,0,十一月己酉，以京師穀貴，令四面入關者，車馬牛驢各給課米，充其自食。秦王大破薛仁杲於淺水原，降之，隴右平。乙巳，涼王李軌僭稱天子於涼州。詔頒五十三條格，以約法緩刑。
444808,劉黑闥,13060,李世民(唐太宗),344,622,,15151,
444865,竇建德,13060,李世民(唐太宗),344,621,,14718,
444917,阿史那咄苾(頡利可汗),13060,李世民(唐太宗),344,-1,,0,
444823,輔公祏,31312,李靖,344,-1,,0,
444808,劉黑闥,187923,李建成,344,622,,400775,
444800,劉武周,376089,李仲文,344,-1,,0,
444852,梁師都,377854,段德操,344,619,,0,
444833,李子通,381504,王雄誕,344,621,,15757,
444847,林士弘,381857,張善安,344,617,,15891,
13060,李世民(唐太宗),444796,薛舉,344,618,,3876,
31917,裴寂,444800,劉武周,344,-1,,0,
444902,王智辯,444800,劉武周,344,617,,0,智辯死之
24408,李勣,444808,劉黑闥,344,621,,0,
32202,李神通,444808,劉黑闥,344,621,,0,
444828,沈法興,444823,輔公祏,344,-1,,0,
444833,李子通,444823,輔公祏,344,-1,,0,
444828,沈法興,444833,李子通,344,-1,,0,
173126,宇文化及,444865,竇建德,344,619,,0,
444823,輔公祏,444936,李孝恭,344,-1,,0,
3685,歐陽詢,42114,宗翼,379,-1,,0,
22793,虞世南,42114,宗翼,379,-1,,0,
444795,薛仁杲,13060,李世民(唐太宗),381,618,,0,
381857,張善安,31965,李大亮,381,623,,0,
444833,李子通,380632,杜伏威,381,621,,0,
444814,蕭銑,444936,李孝恭,381,-1,,0,
13060,李世民(唐太宗),134930,楊慶,382,-1,,0,
444917,阿史那咄苾(頡利可汗),379572,苑君璋,382,-1,,0,
31965,李大亮,381857,張善安,382,623,,0,
13060,李世民(唐太宗),444795,薛仁杲,382,618,,0,
13059,李淵(唐高祖),444836,朱粲,382,619,,0,
444796,薛舉,444881,鍾利俗,382,617,,0,
13059,李淵(唐高祖),444898,鍾俱仇,382,-1,,0,
13060,李世民(唐太宗),444941,梁洛仁,382,-1,,0,
13060,李世民(唐太宗),463519,尉遲敬德,382,-1,,0,
13060,李世民(唐太宗),512541,牟君才,382,-1,,0,
13060,李世民(唐太宗),512543,梁胡郞,382,-1,,0,
13060,李世民(唐太宗),512549,尋相,382,-1,,0,
13060,李世民(唐太宗),512554,沈悅,382,-1,,0,
135651,柴紹,13060,李世民(唐太宗),404,-1,,404545,
13060,李世民(唐太宗),135651,柴紹,404,-1,,404545,
3685,歐陽詢,12259,蕭瑀,437,-1,,0,
13060,李世民(唐太宗),12259,蕭瑀,437,-1,,0,
12259,蕭瑀,13060,李世民(唐太宗),437,-1,,0,
13059,李淵(唐高祖),13060,李世民(唐太宗),437,-1,,0,
18636,許敬宗,13060,李世民(唐太宗),437,-1,,0,
22793,虞世南,13060,李世民(唐太宗),437,-1,,0,
30861,杜淹,13060,李世民(唐太宗),437,-1,,0,
30936,褚亮,13060,李世民(唐太宗),437,-1,,0,
30938,褚遂良,13060,李世民(唐太宗),437,-1,,0,
31175,楊師道,13060,李世民(唐太宗),437,-1,,0,
31628,岑文本,13060,李世民(唐太宗),437,-1,,0,
32202,李神通,13060,李世民(唐太宗),437,-1,,0,
32430,顏師古,13060,李世民(唐太宗),437,-1,,0,
92838,杜正倫,13060,李世民(唐太宗),437,-1,,0,
92899,李百藥,13060,李世民(唐太宗),437,-1,,0,
93608,陳叔達,13060,李世民(唐太宗),437,-1,,0,
171472,劉洎,13060,李世民(唐太宗),437,-1,,0,
181749,袁朗,13060,李世民(唐太宗),437,-1,,0,
13060,李世民(唐太宗),15610,魏徵,437,-1,,0,
12259,蕭瑀,17130,房玄齡,437,-1,,0,
13060,李世民(唐太宗),17130,房玄齡,437,-1,,0,
22057,王勣,17130,房玄齡,437,-1,,0,
32202,李神通,17130,房玄齡,437,-1,,0,
31485,于志寧,18636,許敬宗,437,0,,0,
31628,岑文本,18636,許敬宗,437,-1,,0,
18636,許敬宗,19241,李治(唐高宗),437,-1,,0,
180462,薛克構,19241,李治(唐高宗),437,-1,,0,
31175,楊師道,30938,褚遂良,437,-1,,0,
92899,李百藥,31066,長孫氏(李世民妻),437,-1,,0,
30861,杜淹,31068,長孫無忌,437,-1,,0,
32202,李神通,31068,長孫無忌,437,-1,,0,
31628,岑文本,31170,楊續,437,-1,,0,
18636,許敬宗,31175,楊師道,437,-1,,0,
31628,岑文本,31175,楊師道,437,-1,,0,
92899,李百藥,31175,楊師道,437,-1,,0,
171472,劉洎,31175,楊師道,437,-1,,0,
18636,許敬宗,31485,于志寧,437,0,,0,
31628,岑文本,31485,于志寧,437,0,,0,
32966,令狐德棻,31485,于志寧,437,0,,0,
92838,杜正倫,31485,于志寧,437,0,,0,
30938,褚遂良,31628,岑文本,437,-1,,0,
92899,李百藥,31628,岑文本,437,-1,,0,
171472,劉洎,31628,岑文本,437,-1,,0,
32158,李孝貞,31938,蕭至忠,437,-1,,0,
93580,陳子良,31938,蕭至忠,437,-1,,0,
12259,蕭瑀,32202,李神通,437,-1,,0,
31175,楊師道,91930,上官儀,437,-1,,0,
31628,岑文本,91930,上官儀,437,-1,,0,
22793,虞世南,93013,李泰,437,-1,,0,
30936,褚亮,93013,李泰,437,-1,,0,
13060,李世民(唐太宗),93208,來濟,437,-1,,0,
18636,許敬宗,93208,來濟,437,-1,,0,
175148,李搏,94927,裴廷裕,437,-1,,0,
31968,韋仁基,131989,董份,437,0,,0,
30936,褚亮,143325,韋挺,437,-1,,0,
172842,高正臣,172879,高紹,437,-1,,0,
30861,杜淹,439165,袁天綱,437,-1,,0,
31418,韋鼎,445075,廖凝,437,-1,,0,
24408,李勣,445890,張文瓘,437,-1,,0,
22057,王勣,446062,張超,437,-1,,0,
22057,王勣,446377,翟正師,437,-1,,0,
30936,褚亮,446865,樂彥,437,-1,,0,
13060,李世民(唐太宗),447301,阿史那什鉢苾,437,-1,,0,
30936,褚亮,447443,潘徽,437,-1,,0,
30936,褚亮,447740,李正己,437,-1,,0,
32158,李孝貞,448276,李愔,437,-1,,0,
13059,李淵(唐高祖),448681,蘇世長,437,-1,,0,
94984,釋慧淨,448767,英才,437,-1,,0,
22057,王勣,448813,薛收,437,-1,,0,
93580,陳子良,449946,楊素,437,-1,,0,
93580,陳子良,450517,于政世,437,-1,,0,
13059,李淵(唐高祖),3605,柳宗元,438,-1,,0,
13060,李世民(唐太宗),3605,柳宗元,438,-1,,0,
30886,李密,3605,柳宗元,438,-1,,0,
31312,李靖,3605,柳宗元,438,-1,,0,
12259,蕭瑀,3685,歐陽詢,438,-1,,0,
17130,房玄齡,3702,皮日休,438,-1,,0,
22057,王勣,3702,皮日休,438,-1,,0,
30864,杜如晦,3702,皮日休,438,-1,,0,
188233,李元嬰,3915,杜甫,438,-1,,0,
13060,李世民(唐太宗),12259,蕭瑀,438,-1,,0,
17130,房玄齡,12259,蕭瑀,438,-1,,0,
32202,李神通,12259,蕭瑀,438,-1,,0,
13060,李世民(唐太宗),13059,李淵(唐高祖),438,-1,,0,
12259,蕭瑀,13060,李世民(唐太宗),438,-1,,0,
15610,魏徵,13060,李世民(唐太宗),438,-1,,0,
17130,房玄齡,13060,李世民(唐太宗),438,-1,,0,
13060,李世民(唐太宗),13624,權德輿,438,-1,,0,
13060,李世民(唐太宗),18636,許敬宗,438,-1,,0,
31175,楊師道,18636,許敬宗,438,-1,,0,
31485,于志寧,18636,許敬宗,438,0,,0,
13060,李世民(唐太宗),19244,李隆基(唐玄宗),438,-1,,0,
15610,魏徵,21194,杜牧,438,-1,,0,
17130,房玄齡,22057,王勣,438,-1,,0,
13060,李世民(唐太宗),22793,虞世南,438,-1,,0,
15610,魏徵,30851,高適,438,-1,,0,
13060,李世民(唐太宗),30861,杜淹,438,-1,,0,
13060,李世民(唐太宗),30936,褚亮,438,-1,,0,
13060,李世民(唐太宗),30938,褚遂良,438,-1,,0,
31628,岑文本,30938,褚遂良,438,-1,,0,
172842,高正臣,30980,王勔,438,-1,,0,
3685,歐陽詢,31068,長孫無忌,438,-1,,0,
12259,蕭瑀,31068,長孫無忌,438,-1,,0,
13060,李世民(唐太宗),31068,長孫無忌,438,-1,,0,
17130,房玄齡,31068,長孫無忌,438,-1,,0,
31175,楊師道,31170,楊續,438,-1,,0,
13060,李世民(唐太宗),31175,楊師道,438,-1,,0,
30938,褚遂良,31175,楊師道,438,-1,,0,
172842,高正臣,31322,陳子昂,438,-1,,0,
18636,許敬宗,31485,于志寧,438,0,,0,
13060,李世民(唐太宗),31628,岑文本,438,-1,,0,
18636,許敬宗,31628,岑文本,438,-1,,0,
31175,楊師道,31628,岑文本,438,-1,,0,
31485,于志寧,31628,岑文本,438,0,,0,
13060,李世民(唐太宗),32202,李神通,438,-1,,0,
17130,房玄齡,32202,李神通,438,-1,,0,
13060,李世民(唐太宗),32430,顏師古,438,-1,,0,
31485,于志寧,32966,令狐德棻,438,0,,0,
172842,高正臣,33016,王茂時,438,-1,,0,
13060,李世民(唐太宗),91930,上官儀,438,-1,,0,
18636,許敬宗,91930,上官儀,438,-1,,0,
175896,王叡,92121,王叡,438,-1,,0,
13059,李淵(唐高祖),92269,孔紹安,438,-1,,0,
13060,李世民(唐太宗),92838,杜正倫,438,-1,,0,
31485,于志寧,92838,杜正倫,438,0,,0,
13060,李世民(唐太宗),92865,李義府,438,-1,,0,
13060,李世民(唐太宗),92899,李百藥,438,-1,,0,
31175,楊師道,92899,李百藥,438,-1,,0,
31628,岑文本,92899,李百藥,438,-1,,0,
13060,李世民(唐太宗),93156,楊希道,438,-1,,0,
22057,王勣,93292,辛學士,438,-1,,0,
18636,許敬宗,93319,沈叔安,438,-1,,0,
18636,許敬宗,93388,張文琮,438,-1,,0,
13060,李世民(唐太宗),93608,陳叔達,438,-1,,0,
15610,魏徵,93618,陳彥博,438,-1,,0,
172842,高正臣,93641,陳嘉言,438,-1,,0,
172842,高正臣,93782,周彥昭,438,-1,,0,
172842,高正臣,93783,周彥暉,438,-1,,0,
13060,李世民(唐太宗),93813,鄭仁軌,438,-1,,0,
172842,高正臣,94353,高嶠,438,-1,,0,
172842,高正臣,94360,高球,438,-1,,0,
172842,高正臣,94368,高瑾,438,-1,,0,
18636,許敬宗,94422,陸敬,438,-1,,0,
31974,裴澄,94595,釋皎然,438,-1,,0,
13060,李世民(唐太宗),94800,釋道恭,438,-1,,0,
17130,房玄齡,94871,竇鞏,438,-1,,0,
30864,杜如晦,94871,竇鞏,438,-1,,0,
175148,李搏,94927,裴廷裕,438,-1,,0,
32733,李韶,140364,王元,438,-1,,0,
13060,李世民(唐太宗),171472,劉洎,438,-1,,0,
31175,楊師道,171472,劉洎,438,-1,,0,
31628,岑文本,171472,劉洎,438,-1,,0,
31485,于志寧,172363,封行高,438,0,,0,
13060,李世民(唐太宗),181749,袁朗,438,-1,,0,
13060,李世民(唐太宗),445130,高士廉,438,-1,,0,
24408,李勣,445848,賈言忠,438,-1,,0,
18636,許敬宗,446103,張后胤,438,-1,,0,
15610,魏徵,446190,裴大章,438,-1,,0,
94815,溫彥博,446216,裴略,438,-1,,0,
172842,高正臣,446376,弓嗣初,438,-1,,0,
18636,許敬宗,446589,何仲宣,438,-1,,0,
22057,王勣,446844,崔善爲,438,-1,,0,
172842,高正臣,446850,崔知賢,438,-1,,0,
13060,李世民(唐太宗),446903,朱子奢,438,-1,,0,
22057,王勣,446909,朱仲晦,438,-1,,0,
172842,高正臣,447125,解琬,438,-1,,0,
172842,高正臣,447196,徐皓,438,-1,,0,
13060,李世民(唐太宗),447220,徐惠,438,-1,,0,
172542,楊達,448516,姚月華,438,-1,,0,
95083,釋辨才,448600,蕭翼,438,-1,,0,
172842,高正臣,448723,韓仲宣,438,-1,,0,
13060,李世民(唐太宗),448826,薛眘惑,438,-1,,0,
18636,許敬宗,449324,趙中虛,438,-1,,0,
172842,高正臣,449675,長孫正隱,438,-1,,0,
18636,許敬宗,449701,劉斌,438,-1,,0,
32044,牛弘,449701,劉斌,438,-1,,0,
13060,李世民(唐太宗),449709,劉子翼,438,-1,,0,
172842,高正臣,449776,劉友賢,438,-1,,0,
18636,許敬宗,449787,劉孝孫,438,-1,,0,
31485,于志寧,449787,劉孝孫,438,0,,0,
18636,許敬宗,449910,陸搢,438,-1,,0,
172842,高正臣,450055,周思鈞,438,-1,,0,
18636,許敬宗,450294,鄭元璹,438,-1,,0,
15610,魏徵,450526,孫樵,438,-1,,0,
135651,柴紹,444874,馬三寶,454,-1,,0,
444874,馬三寶,135651,柴紹,455,-1,,0,
18636,許敬宗,31068,長孫無忌,471,-1,,0,
3685,歐陽詢,561217,魯孔孫,474,-1,,,
12259,蕭瑀,13060,李世民(唐太宗),481,-1,,0,
13751,張公謹,13060,李世民(唐太宗),481,-1,,0,
17130,房玄齡,13060,李世民(唐太宗),481,-1,,0,
22793,虞世南,13060,李世民(唐太宗),481,-1,,0,
24408,李勣,13060,李世民(唐太宗),481,-1,,0,
30861,杜淹,13060,李世民(唐太宗),481,-1,,0,
31312,李靖,13060,李世民(唐太宗),481,-1,,0,
31917,裴寂,13060,李世民(唐太宗),481,-1,,0,
32430,顏師古,13060,李世民(唐太宗),481,-1,,0,
33013,王珪,13060,李世民(唐太宗),481,-1,,0,
92838,杜正倫,13060,李世民(唐太宗),481,-1,,0,
92899,李百藥,13060,李世民(唐太宗),481,-1,,0,
135651,柴紹,13060,李世民(唐太宗),481,-1,,0,
138722,屈突通,13060,李世民(唐太宗),481,-1,,0,
139122,張士貴,13060,李世民(唐太宗),481,-1,,0,
142459,唐儉,13060,李世民(唐太宗),481,-1,,0,
142562,程知節,13060,李世民(唐太宗),481,-1,,0,
162825,安興貴,13060,李世民(唐太宗),481,-1,,0,
172209,竇軌,13060,李世民(唐太宗),481,-1,,0,
173127,宇文士及,13060,李世民(唐太宗),481,-1,,0,
176048,温彥博,13060,李世民(唐太宗),481,-1,,0,
444808,劉黑闥,30886,李密,481,-1,,0,
444860,單雄信,30886,李密,481,-1,,0,"單雄信者，曹州人也。翟讓與之友善。少驍健，尤能馬上用槍，密軍號爲“飛將”。
［後晉］劉昫 等 撰；中華書局編輯部 點校：《舊唐書·卷五十三　列傳第三　李密》，中華書局，1975年5月，第1版，第2224頁"
444808,劉黑闥,134932,王世充,481,-1,,0,
444860,單雄信,134932,王世充,481,-1,,0,"密偃師失利，遂降於王世充，署爲大將軍。
［後晉］劉昫 等 撰；中華書局編輯部 點校：《舊唐書·卷五十三　列傳第三　李密》，中華書局，1975年5月，第1版，第2224頁"
444823,輔公祏,380632,杜伏威,481,-1,,0,
444800,劉武周,410111,楊義臣,481,-1,,0,"〔大業九年〕夏，四月，庚午，車駕渡遼。壬申，遣宇文述與上大將軍楊義臣趣平壤。
［宋］司馬光 編著；［元］胡三省 音注；標點資治通鑑小組 點校：《資治通鑑·卷第一百八十二　隋紀六·煬皇帝中·大業九年》，中華書局，1956年6月，第1版，第5671頁"
31628,岑文本,444814,蕭銑,481,-1,,0,
381857,張善安,444823,輔公祏,481,623,,0,
381857,張善安,444847,林士弘,481,617,,15910,
444860,單雄信,444864,翟讓,481,-1,,0,
444808,劉黑闥,444865,竇建德,481,-1,,0,
444796,薛舉,444882,郝瑗,481,617,,14621,"薛舉起事之前，郝瑗任金城令，薛舉為金城府校尉，一定程度上，郝瑗可視為薛舉之上司。
新唐書薛仁杲傳云：舉父子盜隴西五年滅。（三七〇八頁）　校勘記云：按隋書卷四煬帝紀、本書及舊書卷一高祖紀、通鑑卷一八三、一八六，薛舉父子以大業十三年四月起兵，武德元年十一月敗亡，前後不到二年。（三七一九頁）舊唐書薛仁杲稱薛舉父子相繼偽位，凡五年，隴西平。（二二四八頁）似薛舉舉事又在大業十三年以前，諸說未明，姑以大業十三年薛舉僭號為薛、郝二人關係之斷限。"
444800,劉武周,444901,王仁恭,481,617,,15113,
444808,劉黑闥,444999,郝孝德,481,-1,,0,
13060,李世民(唐太宗),12259,蕭瑀,482,-1,,0,
13060,李世民(唐太宗),13751,張公謹,482,-1,,0,
13060,李世民(唐太宗),16630,劉德威,482,-1,,0,
13060,李世民(唐太宗),17130,房玄齡,482,-1,,0,
13060,李世民(唐太宗),21746,段志玄,482,-1,,0,
13060,李世民(唐太宗),22793,虞世南,482,-1,,0,
13060,李世民(唐太宗),24408,李勣,482,-1,,0,
13060,李世民(唐太宗),30861,杜淹,482,-1,,0,
13060,李世民(唐太宗),31068,長孫無忌,482,-1,,0,
13060,李世民(唐太宗),31312,李靖,482,-1,,0,
444814,蕭銑,31628,岑文本,482,-1,,0,
13060,李世民(唐太宗),31917,裴寂,482,-1,,0,
13060,李世民(唐太宗),32430,顏師古,482,-1,,0,
13060,李世民(唐太宗),33013,王珪,482,-1,,0,
13060,李世民(唐太宗),92838,杜正倫,482,-1,,0,
13060,李世民(唐太宗),92899,李百藥,482,-1,,0,
13060,李世民(唐太宗),94626,閻立本,482,-1,,0,
13060,李世民(唐太宗),135315,裴矩,482,-1,,0,
13060,李世民(唐太宗),135651,柴紹,482,-1,,0,
13060,李世民(唐太宗),138722,屈突通,482,-1,,0,
13060,李世民(唐太宗),139122,張士貴,482,-1,,0,
13060,李世民(唐太宗),142459,唐儉,482,-1,,0,
13060,李世民(唐太宗),142562,程知節,482,-1,,0,
13060,李世民(唐太宗),150078,秦叔寶,482,-1,,0,
13060,李世民(唐太宗),152205,高士廉,482,-1,,0,
13060,李世民(唐太宗),162825,安興貴,482,-1,,0,
13060,李世民(唐太宗),172209,竇軌,482,-1,,0,
13060,李世民(唐太宗),173127,宇文士及,482,-1,,0,
13060,李世民(唐太宗),176048,温彥博,482,-1,,0,
13060,李世民(唐太宗),176094,侯君集,482,-1,,0,
13060,李世民(唐太宗),376126,宇文歆,482,-1,,0,
13060,李世民(唐太宗),376183,劉弘基,482,-1,,0,
13060,李世民(唐太宗),376520,劉義節,482,-1,,0,
13060,李世民(唐太宗),377754,史萬寶,482,-1,,0,
13060,李世民(唐太宗),378127,史大奈,482,-1,,0,
13060,李世民(唐太宗),378304,劉師立,482,-1,,0,
13060,李世民(唐太宗),378334,安修仁,482,-1,,0,
13060,李世民(唐太宗),378597,黃君漢,482,-1,,0,
13060,李世民(唐太宗),379682,長孫順德,482,-1,,0,
13060,李世民(唐太宗),379717,王君廓,482,-1,,0,
13060,李世民(唐太宗),379856,秦武通,482,-1,,0,
13060,李世民(唐太宗),380390,羅藝,482,-1,,0,
13060,李世民(唐太宗),381199,龐玉,482,-1,,0,
444823,輔公祏,381857,張善安,482,623,,0,
444847,林士弘,381857,張善安,482,617,,0,
444847,林士弘,384570,王戎,482,617,,0,
444901,王仁恭,444800,劉武周,482,617,,15113,
30886,李密,444808,劉黑闥,482,-1,,0,
444865,竇建德,444808,劉黑闥,482,-1,,0,
30886,李密,444860,單雄信,482,-1,,0,"單雄信者，曹州人也。翟讓與之友善。少驍健，尤能馬上用槍，密軍號爲“飛將”。
［後晉］劉昫 等 撰；中華書局編輯部 點校：《舊唐書·卷五十三　列傳第三　李密》，中華書局，1975年5月，第1版，第2224頁"
444796,薛舉,444882,郝瑗,482,617,,0,
444796,薛舉,444887,宗羅睺,482,617,,0,
444800,劉武周,444905,宋金剛,482,-1,,0,
444814,蕭銑,444928,董景珍,482,-1,,0,
444814,蕭銑,444929,雷世猛,482,-1,,0,
444814,蕭銑,444930,鄭文秀,482,-1,,0,
444814,蕭銑,444931,許玄徹,482,-1,,0,
444814,蕭銑,444932,萬瓚,482,-1,,0,
444814,蕭銑,444933,張繡,482,-1,,0,
444814,蕭銑,444935,楊道生,482,-1,,0,
444865,竇建德,444984,宋正本,482,-1,,0,
13060,李世民(唐太宗),445130,高士廉,482,-1,,0,
13060,李世民(唐太宗),512547,殷開山,482,-1,,0,
13060,李世民(唐太宗),512551,程䶧金,482,-1,,0,
13060,李世民(唐太宗),512552,翟長孫,482,-1,,0,
13060,李世民(唐太宗),512555,封德彝,482,-1,,0,
444800,劉武周,444909,阿史那咄吉(始畢可汗),493,-1,,0,
444852,梁師都,444909,阿史那咄吉(始畢可汗),493,617,,0,
444808,劉黑闥,444917,阿史那咄苾(頡利可汗),493,622,,0,
444852,梁師都,444917,阿史那咄苾(頡利可汗),493,-1,,0,
444800,劉武周,444990,阿史那奚純,493,-1,,0,
444917,阿史那咄苾(頡利可汗),444808,劉黑闥,494,622,,0,
444917,阿史那咄苾(頡利可汗),444852,梁師都,494,-1,,0,
134636,馮小憐,134664,穆氏(高瑋妻),574,-1,,0,
444874,馬三寶,700252,趙宏印,584,1679,,8905,援遵義，敗賊驍將馬三寳
