人物ID,姓名,入仕类型码,年份,年龄,考试名次,地点ID
13060,李世民(唐太宗),1,627,0,0,0
31362,石虎,1,335,0,0,
21302,陳頊,12,558,38,0,
31762,柳慶,13,0,0,0,
11965,王通,14,0,0,0,
12009,蔡廓,14,419,0,0,
22057,王勣,14,0,0,0,
30584,錢九龍,14,0,0,0,
30841,任昉,14,475,16,0,
31004,韋敬遠,14,0,0,0,
31015,韋孝寬,14,0,0,0,
31061,長孫子裕,14,0,0,0,
31062,長孫紹遠,14,0,0,0,
31063,長孫兕,14,0,0,0,
31064,長孫熾,14,0,0,0,
31065,長孫晟,14,0,0,0,
31070,長孫覽,14,0,0,0,
31093,唐和,14,0,0,0,
31118,李重耳,14,0,0,0,
31119,李熙,14,0,0,0,
31120,李天賜,14,0,0,0,
31121,李虎,14,0,0,0,
31122,李昺,14,0,0,0,
31136,梁禦,14,0,0,0,
31137,梁睿,14,0,0,0,
31166,楊紹,14,0,0,0,
31167,楊士雄,14,0,0,0,
31168,楊恭仁,14,0,0,0,
31175,楊師道,14,0,0,0,
31217,楊汪,14,0,0,0,
31225,張行成,14,0,0,0,
31288,宋紀,14,0,0,0,
31397,張弋,14,0,0,0,
31422,元仁惠,14,0,0,0,
31436,唐契,14,0,0,0,
31450,席固,14,0,0,0,
31457,姜謨,14,0,0,0,
31458,姜行本,14,0,0,0,
31473,于謹,14,0,0,0,
31485,于志寧,14,0,0,0,0
31487,于仲文,14,0,0,0,
31519,崔玄伯,14,0,0,0,
31530,盧玄,14,431,0,0,
31531,盧度世,14,0,0,0,
31535,盧赤松,14,0,0,0,
31536,盧承慶,14,0,0,0,
31544,盧昌衡,14,0,0,0,
31623,岑善方,14,0,0,0,
31625,岑之利,14,0,0,0,
31628,岑文本,14,0,0,0,
31655,殷不害,14,521,17,0,
31657,殷嶠,14,0,0,0,
31658,殷不佞,14,0,0,0,
31761,柳僧習,14,0,0,0,
31763,柳鷟,14,0,0,0,
31764,柳虯,14,0,0,0,
31765,柳檜,14,0,0,0,
31766,柳帶韋,14,0,0,0,
31768,柳斌,14,0,17,0,
31781,柳機,14,0,0,0,
31782,柳弘,14,0,0,0,
31815,竇靜,14,0,0,0,
31828,源賀,14,0,0,0,
31830,源懷,14,0,0,0,
31833,源榮,14,0,0,0,
31834,源徽,14,0,0,0,
31835,源玄諒,14,0,0,0,
31836,源子雍,14,0,0,0,
31837,源子恭,14,0,0,0,
31839,源師,14,0,0,0,
31876,裴叔業,14,0,0,0,
31905,裴仁基,14,0,0,0,
31917,裴寂,14,583,14,0,
31930,蕭思話,14,0,0,0,
31932,蕭介,14,500,0,0,
31933,蕭允,14,0,0,0,
31934,蕭引,14,0,0,0,
31935,蕭德言,14,0,0,0,
31965,李大亮,14,0,0,0,
32025,李湛,14,0,0,0,
32043,牛允,14,0,0,0,
32044,牛弘,14,0,0,0,
32158,李孝貞,14,0,0,0,
32211,崔弘度,14,0,17,0,
32212,崔弘昇,14,0,0,0,
32243,元巖,14,0,0,0,
32392,崔孝暐,14,0,0,0,
32414,顏含,14,0,0,0,
32423,顏見遠,14,0,0,0,
32424,顏協,14,0,0,0,
32425,顏之義,14,0,0,0,
32426,顏之推,14,0,0,0,
32427,顏思魯,14,0,0,0,
32429,顏遊素,14,0,0,0,
32430,顏師古,14,0,0,0,
32431,顏相時,14,0,0,0,
32771,陸騰,14,0,0,0,
32911,獨孤永業,14,0,0,0,
32966,令狐德棻,14,0,0,0,
32967,令狐整,14,0,0,0,
32968,令狐熙,14,0,0,0,
33013,王珪,14,0,0,0,
33683,顧越,14,0,0,0,
33685,顧胤,14,0,0,0,
33743,陸瓊,14,0,0,0,
33745,陸從宜,14,0,0,0,
33746,陸從典,14,0,0,0,
15610,魏徵,15,0,0,0,
15627,汪華,15,0,0,0,
31094,唐欽,15,0,0,0,
12175,劉裕,20,420,0,0,
12253,蕭道成,20,479,0,0,
12254,蕭衍,20,502,0,0,
12256,蕭詧(西梁宣帝),20,538,18,0,
12828,陳霸先,20,557,55,0,
13059,李淵(唐高祖),20,618,54,0,
30956,楊堅,20,580,41,0,
31005,拓跋珪,20,398,0,0,
31013,元善見,20,534,11,0,
31014,元寶矩,20,535,0,0,
31771,宇文覺,20,557,16,0,
12259,蕭瑀,21,983,9,0,
33101,蕭珣,21,0,0,0,0
31955,崔仁師,28,0,0,0,
17130,房玄齡,36,595,18,0,
32004,盧尚卿,36,0,,,
32807,陸元明,48,0,0,0,
18636,許敬宗,52,616,0,0,
33732,陸厥,52,0,0,0,
33736,陸雲公,52,0,0,0,
33738,陸琛,52,559,18,0,
33741,陸琰,52,0,0,0,
33742,陸瑜,52,0,0,0,
33744,陸玠,52,0,0,0,
92838,杜正倫,52,0,,,
12176,劉義康,64,0,0,0,
12198,歐陽紇,64,0,0,0,
17127,房翼,64,0,0,0,
30930,褚向,64,0,0,0,
30963,豆盧賢,64,590,0,0,
31034,韋匡伯,64,580,7,0,
31142,梁洋,64,595,0,0,
31423,元順,64,0,0,0,
31424,元雄,64,0,0,0,
31467,于洛拔,64,0,0,0,
31468,于烈,64,458,0,0,
31474,于寔,64,0,0,0,
31532,盧淵,64,0,0,0,
31533,盧道將,64,0,0,0,
31829,源延,64,0,0,0,
31832,源規,64,506,0,0,
32065,蕭懿,64,0,0,0,
32168,蕭恢,64,0,0,0,
32202,李神通,64,0,0,0,
32531,李叔良,64,618,0,0,
32532,李孝斌,64,0,0,0,
32555,楊暕,64,0,0,0,
32752,陳叔明,64,573,0,0,
32772,元休,64,0,0,0,
32773,元貴平,64,0,0,0,
34006,蕭長懋,64,0,0,0,
35370,楊侑,64,0,0,0,
444873,鞠氏(薛舉之妻),69,617,,,
32210,楊昭,70,0,0,0,
444814,蕭銑,72,605,,,
12011,蔡約,73,465,0,0,
31527,盧諶,73,0,0,0,
31543,盧道虔,73,0,0,0,
31780,竇誕,73,0,0,0,
24408,李勣,77,0,0,0,
17121,慕容雋,92,352,34,0,
17122,慕容德,92,400,65,0,
22466,李暠,92,400,0,0,
31641,苻洪,92,350,67,0,
31770,宇文泰,92,0,0,0,
444796,薛舉,92,617,,,0
444808,劉黑闥,92,622,,,
444814,蕭銑,92,617,,,
444814,蕭銑,92,618,,,
444823,輔公祏,92,623,,,
444828,沈法興,92,619,,,
444833,李子通,92,619,,,15692
444847,林士弘,92,616,,,
444852,梁師都,92,617,,,
444865,竇建德,92,617,,,
30589,范氏(許亨妻),94,0,0,0,
30886,李密,101,613,32,0,
31312,李靖,101,0,0,0,
381857,張善安,105,0,,,15891
444823,輔公祏,105,619,,,
12257,蕭巋,112,562,21,0,
12258,蕭琮,112,585,0,0,
21300,陳蒨,112,559,38,0,
21301,陳伯宗,112,566,17,0,
21303,陳叔寶,112,582,30,0,
28918,拓跋弘,112,466,12,0,
28919,元宏延,112,476,0,0,
30587,馮盎,112,0,0,0,
30907,司馬耽,112,344,3,0,
30908,司馬丕,112,361,22,0,
30909,司馬奕,112,365,24,0,
30910,司馬昱,112,371,52,0,
30911,司馬曜,112,372,11,0,
30912,司馬德,112,396,15,0,
30913,司馬德文,112,418,34,0,
30957,楊廣(隋煬帝),112,605,26,0,
31006,拓跋嗣,112,409,0,0,
31007,拓跋燾,112,424,0,0,
31008,拓跋濬,112,452,0,0,
31009,元恪,112,499,0,0,
31010,元翊,112,515,0,0,
31011,元子攸,112,528,0,0,
31012,元修,112,532,0,0,
31060,長孫稚,112,0,0,0,
31117,李歆,112,416,0,0,
31260,慕容暐,112,360,11,0,
31262,慕容寶,112,396,42,0,
31263,慕容盛,112,399,28,0,
31363,石世,112,363,0,0,
31642,苻健,112,350,35,0,
31644,苻生,112,355,22,0,
31646,苻丕,112,385,0,0,
31647,苻登,112,386,43,0,
31772,宇文毓,112,557,0,0,
31773,宇文邕(北周武帝),112,560,19,0,
33251,蕭綱,112,549,47,0,
34005,蕭賾,112,482,43,0,
34007,蕭昭業,112,493,0,0,
34008,蕭昭文,112,494,0,0,
34011,蕭寶卷,112,498,15,0,
34012,蕭寶融,112,501,17,0,
31364,石遵,113,363,0,0,
31366,石祇,113,364,0,0,
31645,苻堅,113,357,21,0,
33252,蕭繹,113,552,45,0,
34010,蕭鸞,113,494,36,0,
381857,張善安,114,623,,,0
31111,楊德裔,118,0,0,0,
31451,席世雅,118,0,0,0,
31452,席世英,118,0,0,0,
31475,于翼,118,0,0,0,
31476,于義,118,0,0,0,
31477,于宣道,118,0,0,0,
31478,于宣敏,118,0,0,0,
31479,于禮,118,0,0,0,
31480,于智,118,0,0,0,
31481,于紹,118,0,0,0,
31482,于弼,118,0,0,0,
31483,于蘭,118,0,0,0,
31484,于曠,118,0,0,0,
92271,孔穎達,161,0,,,
22057,王勣,265,0,,,
