c_addr_desc,c_addr_desc_chn
[Missing Data],[缺乏信息]
unknown,未詳
Basic Affiliation,籍貫(基本地址)
Moved to,遷住地
Former Address,前住地
Last Known Address,最後所知地
Ancestral Address,祖籍
Actual Residence,落籍(實際居住地)
Household Registration Address,本貫
Birth Address,出生地
Burial Address,葬地
Death Address,死所
Migration Route of Branch,本族支裔遷徙路線
Visited or went to,遊歷或曾經到過
Eight Banner Qing Dynasty,八旗清代
Alternate basic affiliation,另一籍貫(基本地址)
Place of refuge,避兵之地
Household address,戶籍地
Place of exile,流放之地
Chose to reside at,卜居
Sojourned at,僑居
had farmland in,在某地有田土
